<jboss-deployment-structure xmlns="urn:jboss:deployment-structure:1.1">
    <deployment>
		<exclusions>
			<module name="org.jboss.resteasy.resteasy-atom-provider" />
			<module name="org.jboss.resteasy.resteasy-cdi" />
			<module name="org.jboss.resteasy.resteasy-jaxrs" />
			<module name="org.jboss.resteasy.resteasy-jaxb-provider" />
			<module name="org.jboss.resteasy.resteasy-jackson-provider" />
			<module name="org.jboss.resteasy.resteasy-jsapi" />
			<module name="org.jboss.resteasy.resteasy-multipart-provider" />
			<module name="org.jboss.resteasy.async-http-servlet-30" />
        </exclusions>
        <dependencies>
            <system>
                <paths>
                    <path name="com/sun/net/ssl/internal/ssl"/>
                </paths>
            </system>
        </dependencies>
    </deployment>
</jboss-deployment-structure>

